time,open,high,low,close
2025-08-16 16:00:00,117676.7,117817.65,117629.94,117672.12
2025-08-16 20:00:00,117672.13,117713.51,117219.34,117380.66
2025-08-17 00:00:00,117380.66,117771.37,117172.21,117684.95
2025-08-17 04:00:00,117684.96,118230.82,117684.95,118005.98
2025-08-17 08:00:00,118005.98,118484.0,117922.0,118308.01
2025-08-17 12:00:00,118308.0,118575.0,118059.12,118246.16
2025-08-17 16:00:00,118246.15,118316.01,117321.53,117570.07
2025-08-17 20:00:00,117570.07,117995.37,117371.65,117405.01
2025-08-18 00:00:00,117405.01,117543.75,115000.0,115319.0
2025-08-18 04:00:00,115319.0,115712.49,114878.71,115205.98
2025-08-18 08:00:00,115205.99,115402.51,114640.14,114947.27
2025-08-18 12:00:00,114947.27,116186.97,114825.0,116145.34
2025-08-18 16:00:00,116145.34,116800.0,115818.86,116313.99
2025-08-18 20:00:00,116314.0,116980.0,115980.32,116227.05
2025-08-19 00:00:00,116227.05,116725.69,114787.23,114810.0
2025-08-19 04:00:00,114810.01,115483.24,114366.0,114978.14
2025-08-19 08:00:00,114978.15,115650.0,114804.0,115508.71
2025-08-19 12:00:00,115508.71,115875.84,113587.68,113786.38
2025-08-19 16:00:00,113786.39,113897.58,112767.06,113132.48
2025-08-19 20:00:00,113132.49,113589.48,112732.58,112872.94
2025-08-20 00:00:00,112872.95,113636.13,112566.01,113525.91
2025-08-20 04:00:00,113525.9,113837.93,113432.0,113490.13
2025-08-20 08:00:00,113490.14,114016.77,113060.08,113666.68
2025-08-20 12:00:00,113666.69,114326.35,112380.0,113353.94
2025-08-20 16:00:00,113353.94,114444.0,113264.01,114276.66
2025-08-20 20:00:00,114276.66,114615.38,114000.0,114271.24
2025-08-21 00:00:00,114271.23,114821.76,113906.01,113954.62
2025-08-21 04:00:00,113954.62,114033.84,113582.43,113896.03
2025-08-21 08:00:00,113896.03,113990.0,113000.0,113148.66
2025-08-21 12:00:00,113148.65,113995.11,112608.64,112792.08
2025-08-21 16:00:00,112792.08,112969.47,112015.67,112193.71
2025-08-21 20:00:00,112193.71,112870.94,112067.46,112500.0
2025-08-22 00:00:00,112500.0,113525.0,112335.6,112929.24
2025-08-22 04:00:00,112929.24,113394.76,112708.81,113094.83
2025-08-22 08:00:00,113094.83,113319.3,112177.27,112320.0
2025-08-22 12:00:00,112320.01,117296.12,111684.79,116370.75
2025-08-22 16:00:00,116370.75,117429.05,116116.0,116655.79
2025-08-22 20:00:00,116655.79,117174.43,116550.96,116935.99
2025-08-23 00:00:00,116936.0,117030.0,115458.2,115568.77
2025-08-23 04:00:00,115568.77,116034.53,115551.2,115799.47
2025-08-23 08:00:00,115799.46,115861.8,115223.43,115310.13
2025-08-23 12:00:00,115310.13,115486.97,114560.0,114812.87
2025-08-23 16:00:00,114812.88,115190.74,114684.11,115133.91
2025-08-23 20:00:00,115133.92,115454.12,115001.88,115438.05
2025-08-24 00:00:00,115438.06,115666.68,114934.21,115036.0
2025-08-24 04:00:00,115036.01,115283.21,114846.14,114888.19
2025-08-24 08:00:00,114888.19,115060.99,114600.0,114730.22
2025-08-24 12:00:00,114730.22,114869.41,114350.57,114400.0
2025-08-24 16:00:00,114400.01,114917.1,110680.0,112600.0
2025-08-24 20:00:00,112600.0,113692.97,111632.85,113493.59
2025-08-25 00:00:00,113493.59,113667.28,112159.0,112916.84
2025-08-25 04:00:00,112916.84,113059.52,111284.05,111511.55
2025-08-25 08:00:00,111511.56,111850.13,110929.48,111214.97
2025-08-25 12:00:00,111214.97,112580.0,110588.0,112200.64
2025-08-25 16:00:00,112200.65,112937.26,110655.01,110716.13
2025-08-25 20:00:00,110716.13,111092.54,109274.1,110111.98
2025-08-26 00:00:00,110111.98,110111.98,108666.66,109879.56
2025-08-26 04:00:00,109879.57,110547.31,109765.93,110303.2
2025-08-26 08:00:00,110303.2,110455.13,109570.34,109876.52
2025-08-26 12:00:00,109876.53,110818.6,109393.93,109666.33
2025-08-26 16:00:00,109666.34,111162.59,109450.0,111116.03
2025-08-26 20:00:00,111116.03,112371.0,110918.26,111763.22
2025-08-27 00:00:00,111763.22,111825.16,110918.26,111418.15
2025-08-27 04:00:00,111418.15,111737.26,110622.5,110725.18
2025-08-27 08:00:00,110725.19,111374.45,110345.42,111322.07
2025-08-27 12:00:00,111322.07,112625.0,111019.02,112000.0
2025-08-27 16:00:00,111999.99,112600.0,111541.23,112080.69
2025-08-27 20:00:00,112080.68,112452.05,110921.79,111262.01
2025-08-28 00:00:00,111262.01,112042.04,110862.42,112000.01
2025-08-28 04:00:00,112000.0,113360.0,111945.07,113114.11
2025-08-28 08:00:00,113114.11,113351.51,112826.22,112909.18
2025-08-28 12:00:00,112909.18,113485.9,112391.56,112678.53
2025-08-28 16:00:00,112678.53,113186.56,111901.35,111901.36
2025-08-28 20:00:00,111901.36,112575.98,111872.06,112566.9
2025-08-29 00:00:00,112566.9,112638.64,111302.27,111704.23
2025-08-29 04:00:00,111704.24,111850.56,109899.99,110019.38
2025-08-29 08:00:00,110019.38,110270.3,109414.18,110098.81
2025-08-29 12:00:00,110098.81,111517.07,108103.0,108386.23
2025-08-29 16:00:00,108386.23,108832.0,107934.24,108212.01
2025-08-29 20:00:00,108212.01,108549.99,107463.9,108377.4
2025-08-30 00:00:00,108377.4,108436.21,107350.1,108436.2
2025-08-30 04:00:00,108436.21,108697.28,108120.0,108524.26
2025-08-30 08:00:00,108524.26,108777.43,108400.0,108680.01
2025-08-30 12:00:00,108680.01,108926.15,108190.52,108869.98
2025-08-30 16:00:00,108869.98,108900.0,108625.46,108828.33
2025-08-30 20:00:00,108828.32,108838.27,108468.77,108816.33
2025-08-31 00:00:00,108816.33,109480.02,108801.35,109223.84
2025-08-31 04:00:00,109223.84,109231.41,108523.49,108708.26
2025-08-31 08:00:00,108708.25,109100.0,108303.21,108389.76
2025-08-31 12:00:00,108389.77,108858.43,108191.29,108818.69
2025-08-31 16:00:00,108818.69,109237.51,108555.0,108930.0
2025-08-31 20:00:00,108930.0,109230.0,108076.93,108246.35
2025-09-01 00:00:00,108246.36,108482.98,107393.0,107660.01
2025-09-01 04:00:00,107660.0,109432.99,107255.0,109432.99
2025-09-01 08:00:00,109432.99,109912.4,108186.41,108782.88
2025-09-01 12:00:00,108782.89,109520.0,108566.0,108784.33
2025-09-01 16:00:00,108784.33,109329.65,108391.3,109217.64
2025-09-01 20:00:00,109217.65,109442.95,107459.49,109237.42
2025-09-02 00:00:00,109237.43,110623.97,108883.8,110322.18
2025-09-02 04:00:00,110322.19,110610.5,110000.0,110233.92
2025-09-02 08:00:00,110233.91,110711.1,109563.87,109733.34
2025-09-02 12:00:00,109733.33,111771.52,108393.39,110829.17
2025-09-02 16:00:00,110829.16,111119.58,110200.0,110806.0
2025-09-02 20:00:00,110806.01,111538.17,110716.77,111240.01
2025-09-03 00:00:00,111240.01,111782.21,110892.14,111054.01
2025-09-03 04:00:00,111054.0,111151.99,110528.71,111099.88
2025-09-03 08:00:00,111099.87,111708.0,110889.29,111437.77
2025-09-03 12:00:00,111437.77,112500.0,111031.61,112222.74
2025-09-03 16:00:00,112222.73,112575.27,111686.24,112193.74
2025-09-03 20:00:00,112193.74,112250.0,111613.98,111705.71
2025-09-04 00:00:00,111705.72,112180.0,111136.0,111148.97
2025-09-04 04:00:00,111148.97,111318.84,110279.68,110463.36
2025-09-04 08:00:00,110463.36,111154.93,110415.72,110810.0
2025-09-04 12:00:00,110810.0,111123.99,109329.12,109510.31
2025-09-04 16:00:00,109510.32,110218.39,109363.26,109799.99
2025-09-04 20:00:00,109800.0,111765.31,109755.59,110730.87
2025-09-05 00:00:00,110730.87,111482.09,110435.75,111311.77
2025-09-05 04:00:00,111311.78,112999.0,111144.51,112954.32
2025-09-05 08:00:00,112954.32,112985.0,112131.02,112354.0
2025-09-05 12:00:00,112354.0,113384.62,110286.91,110716.82
2025-09-05 16:00:00,110716.82,111627.51,110206.96,111614.54
2025-09-05 20:00:00,111614.54,111700.0,110375.6,110659.99
2025-09-06 00:00:00,110660.0,111307.7,110552.56,111082.22
2025-09-06 04:00:00,111082.23,111082.23,110687.69,110825.6
2025-09-06 08:00:00,110825.59,110968.0,110675.58,110781.02
2025-09-06 12:00:00,110781.03,110999.83,110358.11,110384.15
2025-09-06 16:00:00,110384.16,110402.0,109977.0,110038.41
2025-09-06 20:00:00,110038.42,110282.82,110034.44,110187.97
2025-09-07 00:00:00,110187.98,110733.12,110180.0,110629.15
2025-09-07 04:00:00,110629.15,110911.42,110463.1,110753.42
2025-09-07 08:00:00,110753.41,111377.19,110720.01,111292.13
2025-09-07 12:00:00,111292.12,111412.0,111042.6,111329.99
2025-09-07 16:00:00,111329.99,111371.35,110861.2,111259.99
2025-09-07 20:00:00,111259.99,111600.0,111001.45,111137.34
2025-09-08 00:00:00,111137.35,111372.0,110621.78,111052.11
2025-09-08 04:00:00,111052.11,111609.04,110899.69,111280.39
2025-09-08 08:00:00,111280.4,112186.98,111252.9,112052.43
2025-09-08 12:00:00,112052.43,112924.37,111877.64,112631.75
2025-09-08 16:00:00,112631.74,112670.06,111978.67,112097.31
2025-09-08 20:00:00,112097.31,112512.71,111896.0,112065.23
2025-09-09 00:00:00,112065.23,112104.41,111111.0,111708.0
2025-09-09 04:00:00,111708.01,113293.29,111624.12,112991.11
2025-09-09 08:00:00,112991.11,113176.51,112403.91,112433.59
2025-09-09 12:00:00,112433.59,112950.0,110766.66,110880.76
2025-09-09 16:00:00,110880.76,111388.04,110788.0,111301.53
2025-09-09 20:00:00,111301.53,111745.69,111090.07,111546.39
2025-09-10 00:00:00,111546.38,111586.26,110917.45,111545.88
2025-09-10 04:00:00,111545.88,112602.35,111372.42,112553.65
2025-09-10 08:00:00,112553.65,112859.8,112097.2,112299.99
2025-09-10 12:00:00,112300.0,114313.13,112299.99,113853.99
2025-09-10 16:00:00,113853.99,114074.46,113155.03,113574.52
2025-09-10 20:00:00,113574.53,114025.78,113528.01,113960.0
2025-09-11 00:00:00,113960.0,114434.23,113669.82,114400.01
2025-09-11 04:00:00,114400.01,114459.65,113957.2,114083.58
2025-09-11 08:00:00,114083.58,114200.0,113776.0,113999.99
2025-09-11 12:00:00,113999.99,114715.02,113430.0,114180.31
2025-09-11 16:00:00,114180.32,114605.54,114102.0,114419.99
2025-09-11 20:00:00,114420.0,115488.09,114246.04,115482.69
2025-09-12 00:00:00,115482.69,116331.81,115045.45,115194.14
2025-09-12 04:00:00,115194.14,115656.87,115086.7,115086.7
2025-09-12 08:00:00,115086.7,115273.12,114888.01,114913.45
2025-09-12 12:00:00,114913.45,115500.95,114740.99,115121.18
2025-09-12 16:00:00,115121.18,116665.63,115030.3,116632.51
2025-09-12 20:00:00,116632.51,116632.51,115752.68,116029.42
2025-09-13 00:00:00,116029.41,116298.78,115576.26,115957.0
2025-09-13 04:00:00,115957.0,115957.01,115657.81,115778.71
2025-09-13 08:00:00,115778.72,116166.71,115767.33,115974.11
2025-09-13 12:00:00,115974.11,116060.0,115603.98,115768.68
2025-09-13 16:00:00,115768.68,115817.37,115127.27,115797.12
2025-09-13 20:00:00,115797.12,115991.29,115797.11,115918.29
2025-09-14 00:00:00,115918.29,116109.0,115651.99,115679.98
2025-09-14 04:00:00,115679.99,115936.0,115449.59,115805.39
2025-09-14 08:00:00,115805.39,116165.19,115748.78,115794.91
2025-09-14 12:00:00,115794.92,115878.49,115141.8,115224.01
2025-09-14 16:00:00,115224.01,115657.5,115193.9,115634.99
2025-09-14 20:00:00,115634.99,116087.35,115135.0,115268.01
2025-09-15 00:00:00,115268.01,115594.9,114825.0,115445.45
2025-09-15 04:00:00,115445.46,116757.99,115400.0,115806.62
2025-09-15 08:00:00,115806.62,115806.62,114625.87,115070.0
2025-09-15 12:00:00,115070.01,115099.0,114384.0,114842.9
2025-09-15 16:00:00,114842.9,115570.0,114600.0,115307.78
2025-09-15 20:00:00,115307.78,115605.07,115200.07,115349.71
2025-09-16 00:00:00,115349.71,115520.0,114945.01,115307.25
2025-09-16 04:00:00,115307.26,116009.62,114930.0,115840.0
2025-09-16 08:00:00,115839.99,115981.17,115206.15,115287.83
2025-09-16 12:00:00,115287.84,115905.89,114737.11,115905.88
2025-09-16 16:00:00,115905.88,116870.76,115608.28,116800.12
2025-09-16 20:00:00,116800.13,116964.27,116584.45,116788.96
2025-09-17 00:00:00,116788.96,117077.16,116371.81,116372.04
2025-09-17 04:00:00,116372.05,117286.73,116160.22,117162.48
2025-09-17 08:00:00,117162.48,117189.86,116253.27,116258.13
2025-09-17 12:00:00,116258.12,116516.93,115432.0,115875.32
2025-09-17 16:00:00,115875.33,116333.33,114720.81,115652.02
2025-09-17 20:00:00,115652.02,116990.68,115307.33,116447.59
2025-09-18 00:00:00,116447.6,117896.0,116092.76,117581.66
2025-09-18 04:00:00,117581.67,117750.0,116888.02,117086.01
2025-09-18 08:00:00,117086.01,117413.04,117010.59,117063.4
2025-09-18 12:00:00,117063.41,117843.83,116977.59,117583.56
2025-09-18 16:00:00,117583.56,117900.0,117196.33,117450.21
2025-09-18 20:00:00,117450.21,117657.17,116612.03,117073.53
2025-09-19 00:00:00,117073.53,117459.99,116871.61,116977.58
2025-09-19 04:00:00,116977.58,117100.0,116633.86,116909.97
2025-09-19 08:00:00,116909.98,117090.36,116300.0,116394.72
2025-09-19 12:00:00,116394.72,116529.08,115464.19,115884.03
2025-09-19 16:00:00,115884.03,116136.0,115112.58,115125.12
2025-09-19 20:00:00,115125.13,115657.28,115100.0,115632.38
2025-09-20 00:00:00,115632.39,115730.41,115408.47,115445.0
2025-09-20 04:00:00,115445.0,115985.2,115409.08,115968.56
2025-09-20 08:00:00,115968.56,115968.57,115664.11,115894.06
2025-09-20 12:00:00,115894.05,116121.81,115804.47,115986.69
2025-09-20 16:00:00,115986.7,116079.46,115698.08,115702.0
2025-09-20 20:00:00,115702.0,115944.7,115603.42,115685.63
2025-09-21 00:00:00,115685.63,115732.94,115441.83,115669.41
2025-09-21 04:00:00,115669.42,115815.98,115487.56,115815.97
2025-09-21 08:00:00,115815.98,115819.06,115329.03,115603.45
2025-09-21 12:00:00,115603.45,115747.23,115473.19,115531.61
2025-09-21 16:00:00,115531.62,115665.52,115209.02,115480.05
2025-09-21 20:00:00,115480.05,115545.43,115188.0,115232.29
2025-09-22 00:00:00,115232.29,115379.25,114150.0,114649.89
2025-09-22 04:00:00,114649.89,114649.9,111800.0,112519.99
2025-09-22 08:00:00,112520.0,112976.02,112173.52,112876.97
2025-09-22 12:00:00,112876.97,113432.76,112380.0,112815.5
2025-09-22 16:00:00,112815.5,112888.0,111936.4,112122.9
2025-09-22 20:00:00,112122.9,112977.41,111975.28,112650.99
2025-09-23 00:00:00,112650.99,112833.09,111478.0,112339.99
2025-09-23 04:00:00,112339.99,113114.01,111876.15,113090.13
2025-09-23 08:00:00,113090.13,113281.5,112683.33,112975.99
2025-09-23 12:00:00,112975.99,113290.5,112496.61,112882.19
2025-09-23 16:00:00,112882.2,112958.58,111540.2,111655.29
2025-09-23 20:00:00,111655.29,112220.54,111458.73,111998.8
2025-09-24 00:00:00,111998.8,112500.0,111683.09,111683.09
2025-09-24 04:00:00,111683.1,112779.37,111042.66,112583.54
2025-09-24 08:00:00,112583.54,113162.17,112405.62,113029.46
2025-09-24 12:00:00,113029.45,113890.0,112808.0,113346.41
2025-09-24 16:00:00,113346.4,113940.0,113163.21,113420.01
2025-09-24 20:00:00,113420.0,113647.58,113204.71,113307.0
2025-09-25 00:00:00,113307.01,113510.23,112214.74,112546.21
2025-09-25 04:00:00,112546.22,112614.43,111450.42,111766.72
2025-09-25 08:00:00,111766.73,112246.46,111283.63,111348.0
2025-09-25 12:00:00,111347.99,111729.52,110629.99,111580.77
2025-09-25 16:00:00,111580.77,111672.58,108631.51,109360.0
2025-09-25 20:00:00,109360.0,109685.72,108765.0,108994.49
2025-09-26 00:00:00,108994.49,109798.84,108809.24,109580.01
2025-09-26 04:00:00,109580.0,109625.94,108913.0,109320.02
2025-09-26 08:00:00,109320.02,109690.98,108620.07,109133.5
2025-09-26 12:00:00,109133.5,109779.73,108764.76,109027.78
2025-09-26 16:00:00,109027.79,110300.0,109027.78,109172.2
2025-09-26 20:00:00,109172.21,109687.69,109087.57,109643.46
2025-09-27 00:00:00,109643.46,109743.91,109324.42,109553.77
2025-09-27 04:00:00,109553.77,109742.27,109332.02,109411.2
2025-09-27 08:00:00,109411.19,109477.69,109064.4,109310.21
2025-09-27 12:00:00,109310.22,109477.59,109193.0,109402.24
2025-09-27 16:00:00,109402.25,109440.0,109243.89,109424.2
2025-09-27 20:00:00,109424.21,109699.98,109362.72,109635.85
2025-09-28 00:00:00,109635.85,109787.75,109325.05,109436.0
2025-09-28 04:00:00,109436.0,109537.8,109260.0,109513.06
2025-09-28 08:00:00,109513.06,109585.39,109250.0,109369.02
2025-09-28 12:00:00,109369.02,110037.93,109189.99,110037.93
2025-09-28 16:00:00,110037.92,110393.63,110008.54,110337.6
2025-09-28 20:00:00,110337.61,112350.0,110294.78,112163.95
2025-09-29 00:00:00,112163.96,112310.0,111588.07,111857.51
2025-09-29 04:00:00,111857.51,111904.34,111560.65,111865.95
2025-09-29 08:00:00,111865.96,112421.99,111865.95,112100.0
2025-09-29 12:00:00,112100.0,114231.56,111901.26,113815.57
2025-09-29 16:00:00,113815.57,114390.93,113449.74,114265.55
2025-09-29 20:00:00,114265.56,114400.0,114020.0,114311.96
2025-09-30 00:00:00,114311.97,114792.0,114040.35,114376.39
2025-09-30 04:00:00,114376.39,114376.4,113585.0,113699.23
2025-09-30 08:00:00,113699.24,113741.37,112656.27,113055.01
2025-09-30 12:00:00,113055.0,113677.23,112866.11,113106.16
2025-09-30 16:00:00,113106.15,114563.46,112800.0,114359.99
2025-09-30 20:00:00,114359.99,114754.87,113765.42,114048.93
2025-10-01 00:00:00,114048.94,114551.76,113966.67,114176.92
2025-10-01 04:00:00,114176.93,114740.0,114151.0,114539.02
2025-10-01 08:00:00,114539.02,116795.85,114484.43,116789.58
2025-10-01 12:00:00,116789.57,117649.99,116363.38,117423.73
2025-10-01 16:00:00,117423.73,118199.0,116724.56,117439.53
2025-10-01 20:00:00,117439.53,118649.1,117163.25,118594.99
2025-10-02 00:00:00,118594.99,119456.92,118368.05,118733.99
2025-10-02 04:00:00,118733.99,118930.29,118279.31,118489.76
2025-10-02 08:00:00,118489.76,118926.49,118354.61,118765.73
2025-10-02 12:00:00,118765.72,119910.79,118516.39,119910.78
2025-10-02 16:00:00,119910.78,121022.07,119359.63,120836.49
2025-10-02 20:00:00,120836.49,120914.0,120072.46,120529.35
2025-10-03 00:00:00,120529.35,120550.9,119820.0,120225.89
2025-10-03 04:00:00,120225.88,120324.53,119610.59,119640.21
2025-10-03 08:00:00,119640.22,120515.89,119248.3,120334.5
2025-10-03 12:00:00,120334.51,122366.0,119881.24,122258.05
2025-10-03 16:00:00,122258.04,123894.99,121466.25,122660.99
2025-10-03 20:00:00,122661.0,122734.92,121999.33,122232.0
2025-10-04 00:00:00,122232.21,122325.6,121684.97,122243.99
2025-10-04 04:00:00,122243.99,122800.0,122219.3,122324.08
2025-10-04 08:00:00,122324.08,122539.83,121962.81,121973.26
2025-10-04 12:00:00,121973.26,122509.52,121698.88,121791.31
2025-10-04 16:00:00,121791.31,121964.95,121510.0,121959.25
2025-10-04 20:00:00,121959.25,122410.0,121871.01,122391.0
2025-10-05 00:00:00,122390.99,124362.28,122136.0,123776.22
2025-10-05 04:00:00,123776.23,125708.42,123734.0,124713.63
2025-10-05 08:00:00,124713.63,124838.37,122520.24,123464.64
2025-10-05 12:00:00,123464.64,123464.65,122675.0,122803.17
2025-10-05 16:00:00,122803.17,123464.0,122301.63,122591.79
2025-10-05 20:00:00,122591.8,123548.83,122473.62,123482.31
2025-10-06 00:00:00,123482.32,124358.46,123084.0,123839.09
2025-10-06 04:00:00,123839.09,124165.56,123280.49,123390.47
2025-10-06 08:00:00,123390.47,124531.66,123390.46,124215.0
2025-10-06 12:00:00,124215.0,125408.29,124178.0,125000.0
2025-10-06 16:00:00,125000.0,126199.63,124800.0,125410.81
2025-10-06 20:00:00,125410.8,125534.0,124511.15,124658.54
2025-10-07 00:00:00,124658.54,125082.27,124101.26,124329.74
2025-10-07 04:00:00,124329.74,124654.47,123567.6,123667.99
2025-10-07 08:00:00,123668.0,124509.6,123322.9,124453.38
2025-10-07 12:00:00,124453.37,125126.0,121172.89,121846.01
2025-10-07 16:00:00,121846.01,122084.14,120574.94,121637.17
2025-10-07 20:00:00,121637.18,122292.62,121258.08,121332.95
2025-10-08 00:00:00,121332.96,122229.66,121200.0,121374.75
2025-10-08 04:00:00,121374.76,121910.24,121066.14,121597.06
2025-10-08 08:00:00,121597.05,123200.0,121524.01,122884.14
2025-10-08 12:00:00,122884.14,123350.0,121649.68,122189.72
2025-10-08 16:00:00,122189.72,124197.25,122110.08,123450.0
2025-10-08 20:00:00,123450.01,123737.0,122794.4,123306.0
2025-10-09 00:00:00,123306.01,123348.32,121475.98,122038.01
2025-10-09 04:00:00,122038.01,122264.0,121724.71,121906.1
2025-10-09 08:00:00,121906.09,122833.02,121145.49,122737.57
2025-10-09 12:00:00,122737.56,123762.94,120673.99,121147.14
2025-10-09 16:00:00,121147.15,121481.9,119651.47,120951.72
2025-10-09 20:00:00,120951.72,121900.0,120838.0,121662.4
2025-10-10 00:00:00,121662.41,121874.13,120900.0,121026.01
2025-10-10 04:00:00,121026.0,121754.34,120855.41,120932.05
2025-10-10 08:00:00,120932.05,121777.07,120916.44,121554.55
2025-10-10 12:00:00,121554.55,122550.0,118500.0,119018.98
2025-10-10 16:00:00,119018.99,119456.28,115952.47,116661.5
2025-10-10 20:00:00,116661.5,117214.64,102000.0,112774.5
2025-10-11 00:00:00,112774.49,113322.39,111019.43,112300.01
2025-10-11 04:00:00,112300.0,112991.16,110090.29,110384.61
2025-10-11 08:00:00,110384.6,112359.67,110162.23,112280.0
2025-10-11 12:00:00,112280.01,112500.0,111793.2,111793.2
2025-10-11 16:00:00,111793.21,112185.53,110865.82,111178.31
2025-10-11 20:00:00,111178.3,111368.29,109561.59,110644.4
2025-10-12 00:00:00,110644.4,111368.14,109565.06,110676.0
2025-10-12 04:00:00,110676.0,112125.51,110617.1,111525.2
2025-10-12 08:00:00,111525.19,112133.33,111139.87,111848.36
2025-10-12 12:00:00,111848.35,113745.84,111177.75,113198.2
2025-10-12 16:00:00,113198.2,114700.0,113198.2,114342.28
2025-10-12 20:00:00,114342.28,115770.0,114217.75,114958.8
2025-10-13 00:00:00,114958.81,115963.81,114619.45,114821.12
2025-10-13 04:00:00,114821.13,115554.83,114398.24,115399.67
2025-10-13 08:00:00,115399.66,115438.17,113616.5,114180.0
2025-10-13 12:00:00,114180.0,115530.0,113800.01,114312.1
2025-10-13 16:00:00,114312.09,115891.3,114215.79,115792.84
2025-10-13 20:00:00,115792.84,115868.0,115005.44,115166.0
2025-10-14 00:00:00,115166.0,115409.96,113279.76,113500.0
2025-10-14 04:00:00,113500.0,113691.0,111355.01,111724.41
2025-10-14 08:00:00,111724.41,112140.0,110012.24,111313.98
2025-10-14 12:00:00,111313.98,112943.82,109866.0,112900.43
2025-10-14 16:00:00,112900.44,113544.53,111692.31,112613.7
2025-10-14 20:00:00,112613.69,113577.0,112230.46,113028.14
2025-10-15 00:00:00,113028.13,113612.35,111825.93,112024.29
2025-10-15 04:00:00,112024.3,112680.0,111746.76,112584.5
2025-10-15 08:00:00,112584.49,113520.88,111693.26,111905.73
2025-10-15 12:00:00,111905.72,112238.41,110400.0,110798.01
2025-10-15 16:00:00,110798.01,111557.7,110164.0,111271.73
2025-10-15 20:00:00,111271.73,111556.27,110500.0,110763.28
2025-10-16 00:00:00,110763.28,111867.17,110361.0,111329.48
2025-10-16 04:00:00,111329.48,111773.7,110553.19,110584.2
2025-10-16 08:00:00,110584.21,111728.7,109635.15,111404.72
2025-10-16 12:00:00,111404.73,111982.45,108361.69,108549.21
2025-10-16 16:00:00,108549.21,109254.0,107577.57,108197.66
2025-10-16 20:00:00,108197.67,108500.0,107427.0,108194.28
2025-10-17 00:00:00,108194.27,109240.0,107934.4,109176.74
2025-10-17 04:00:00,109176.74,109236.01,105542.09,105633.75
2025-10-17 08:00:00,105633.75,106651.22,103528.23,105683.72
2025-10-17 12:00:00,105683.71,106852.14,104533.21,106803.53
2025-10-17 16:00:00,106803.52,107575.6,106071.42,106454.72
2025-10-17 20:00:00,106457.24,107440.02,106342.47,106431.68
2025-10-18 00:00:00,106431.68,107306.06,106322.2,107070.4
2025-10-18 04:00:00,107070.41,107499.0,106439.38,106665.0
2025-10-18 08:00:00,106665.01,107222.0,106605.93,107208.6
2025-10-18 12:00:00,107208.61,107300.0,106739.33,106948.75
2025-10-18 16:00:00,106948.75,107091.87,106484.0,107080.14
2025-10-18 20:00:00,107080.14,107339.03,106851.84,107185.01
2025-10-19 00:00:00,107185.0,107367.16,106734.17,107275.78
2025-10-19 04:00:00,107275.79,107290.0,106558.61,106786.0
2025-10-19 08:00:00,106786.0,108260.5,106103.36,107783.47
2025-10-19 12:00:00,107783.47,108621.68,107355.02,108486.7
2025-10-19 16:00:00,108486.71,109450.07,108240.0,108908.43
2025-10-19 20:00:00,108908.43,109370.99,108471.1,108642.78
2025-10-20 00:00:00,108642.77,110427.86,107402.52,110145.44
2025-10-20 04:00:00,110145.45,111445.67,109951.96,111169.92
2025-10-20 08:00:00,111169.91,111679.25,110608.27,111016.75
2025-10-20 12:00:00,111016.75,111705.56,110588.23,111144.55
2025-10-20 16:00:00,111144.55,111303.05,109855.83,110803.22
2025-10-20 20:00:00,110803.22,111272.0,110418.25,110532.09
2025-10-21 00:00:00,110532.09,110532.09,109052.09,109059.22
2025-10-21 04:00:00,109059.23,109059.23,107473.72,108086.37
2025-10-21 08:00:00,108086.38,108811.47,107484.22,108580.01
2025-10-21 12:00:00,108580.0,113557.62,107922.06,113422.61
2025-10-21 16:00:00,113422.6,114000.0,111324.29,111780.39
2025-10-21 20:00:00,111780.4,111801.41,108045.81,108297.67
2025-10-22 00:00:00,108297.66,108678.21,107841.2,108216.02
2025-10-22 04:00:00,108216.03,108638.99,107610.0,108321.63
2025-10-22 08:00:00,108321.64,108358.76,106708.18,107555.05
2025-10-22 12:00:00,107555.04,109163.88,107443.01,108416.5
2025-10-22 16:00:00,108416.5,108796.42,107463.29,107870.35
2025-10-22 20:00:00,107870.35,108069.93,106666.69,107567.44
2025-10-23 00:00:00,107567.45,108720.39,107500.0,108377.96
2025-10-23 04:00:00,108377.96,110298.29,108350.36,109269.9
2025-10-23 08:00:00,109269.9,109903.83,109100.4,109253.89
2025-10-23 12:00:00,109253.88,110109.99,108685.72,109908.28
2025-10-23 16:00:00,109908.29,111293.61,109647.34,110200.0
2025-10-23 20:00:00,110200.01,110200.01,109341.28,110078.18
2025-10-24 00:00:00,110078.19,110829.67,109983.93,110441.46
2025-10-24 04:00:00,110441.46,111522.3,110332.0,111054.61
2025-10-24 08:00:00,111054.61,111482.99,110600.0,111066.29
2025-10-24 12:00:00,111066.29,112104.98,109700.01,110046.91
2025-10-24 16:00:00,110046.92,110945.39,109797.13,110615.07
2025-10-24 20:00:00,110615.07,111138.62,110478.0,111004.89
2025-10-25 00:00:00,111004.9,111226.67,110672.86,111029.99
2025-10-25 04:00:00,111029.99,111820.87,111029.99,111489.6
2025-10-25 08:00:00,111489.59,111850.13,111375.81,111563.81
2025-10-25 12:00:00,111563.81,111943.19,111311.19,111385.18
2025-10-25 16:00:00,111385.18,111731.78,111164.39,111623.45
2025-10-25 20:00:00,111623.46,111683.64,111342.25,111646.27
2025-10-26 00:00:00,111646.27,111899.56,111260.45,111260.46
2025-10-26 04:00:00,111260.46,111724.96,111260.46,111723.98
2025-10-26 08:00:00,111723.98,113466.23,111708.63,113286.09
2025-10-26 12:00:00,113286.09,114000.0,113279.85,113694.97
2025-10-26 16:00:00,113694.97,113793.93,113290.62,113585.99
2025-10-26 20:00:00,113585.98,115466.8,112901.0,114559.4
2025-10-27 00:00:00,114559.41,115445.39,114362.26,114958.51
2025-10-27 04:00:00,114958.52,116400.0,114938.01,115554.6
2025-10-27 08:00:00,115554.59,115607.48,114814.69,115362.02
2025-10-27 12:00:00,115362.02,115437.48,114503.99,114969.68
2025-10-27 16:00:00,114969.68,115790.0,114790.81,114942.64
2025-10-27 20:00:00,114942.64,114942.64,113830.01,114107.65
2025-10-28 00:00:00,114107.65,114547.2,113569.91,113908.24
2025-10-28 04:00:00,113908.25,114364.99,113483.3,114188.37
2025-10-28 08:00:00,114188.38,114673.68,114113.3,114357.73
2025-10-28 12:00:00,114357.72,116086.0,114138.06,114641.38
2025-10-28 16:00:00,114641.38,115591.41,113566.44,113689.99
2025-10-28 20:00:00,113689.0,113703.32,112211.0,112898.45
2025-10-29 00:00:00,112898.44,112975.75,112100.0,112523.49
2025-10-29 04:00:00,112523.49,113577.9,112505.58,113577.9
2025-10-29 08:00:00,113577.9,113624.12,112732.91,113132.36
2025-10-29 12:00:00,113132.35,113643.73,111401.5,111509.74
2025-10-29 16:00:00,111509.74,112030.23,109200.0,110640.0
2025-10-29 20:00:00,110640.0,111800.0,109733.22,110021.29
2025-10-30 00:00:00,110021.3,111011.99,109703.43,110751.47
2025-10-30 04:00:00,110751.48,111592.0,107925.06,111366.72
2025-10-30 08:00:00,111366.72,111467.01,109692.3,109717.29
2025-10-30 12:00:00,109717.19,109777.93,107328.0,107711.56
2025-10-30 16:00:00,107711.56,108214.85,106304.34,106536.39
2025-10-30 20:00:00,106536.39,108334.53,106316.17,108322.88
2025-10-31 00:00:00,108322.87,110042.16,108275.28,109227.86
2025-10-31 04:00:00,109227.87,110215.0,109114.88,109449.31
2025-10-31 08:00:00,109449.32,110550.0,109214.13,110415.61
2025-10-31 12:00:00,110415.62,111190.0,109366.91,110202.9
2025-10-31 16:00:00,110202.9,110300.0,108635.0,109828.78
2025-10-31 20:00:00,109828.78,109828.79,109329.15,109608.01
2025-11-01 00:00:00,109608.01,110315.54,109394.81,110226.37
2025-11-01 04:00:00,110226.38,110564.49,109933.86,110071.4
2025-11-01 08:00:00,110071.4,110270.9,109854.72,110137.59
2025-11-01 12:00:00,110137.59,110348.0,109702.66,110310.65
2025-11-01 16:00:00,110310.65,110529.99,110192.0,110299.99
2025-11-01 20:00:00,110300.0,110516.17,109858.44,110098.1
2025-11-02 00:00:00,110098.1,110263.91,109879.39,110053.23
2025-11-02 04:00:00,110053.22,111045.09,110030.06,110895.53
2025-11-02 08:00:00,110895.53,111229.78,110346.15,111196.99
2025-11-02 12:00:00,111196.99,111250.01,110096.32,110117.48
2025-11-02 16:00:00,110117.49,110331.0,109735.59,110180.84
2025-11-02 20:00:00,110180.85,110742.26,109471.34,110540.68
2025-11-03 00:00:00,110540.69,110750.0,107907.44,107937.45
2025-11-03 04:00:00,107937.45,108075.0,107006.05,107468.23
2025-11-03 08:00:00,107468.23,107920.92,106726.63,107787.42
2025-11-03 12:00:00,107787.42,108333.0,105511.0,105745.71
2025-11-03 16:00:00,105745.71,107783.2,105306.56,107090.0
2025-11-03 20:00:00,107090.0,107169.68,105755.59,106583.04
2025-11-04 00:00:00,106583.05,107298.74,105852.37,107158.79
2025-11-04 04:00:00,107158.79,107299.0,104200.0,104490.72
2025-11-04 08:00:00,104490.73,104699.07,103605.0,104584.76
2025-11-04 12:00:00,104584.75,104842.63,102915.05,103197.01
2025-11-04 16:00:00,103197.02,103500.05,100010.73,100542.64
2025-11-04 20:00:00,100542.64,101893.09,98944.36,101497.22
2025-11-05 00:00:00,101497.23,102272.23,98966.8,102130.0
2025-11-05 04:00:00,102130.0,102370.0,101500.0,101993.02
2025-11-05 08:00:00,101993.03,102203.48,101176.47,102070.61
2025-11-05 12:00:00,102070.62,103798.37,101916.77,103728.3
2025-11-05 16:00:00,103728.3,104529.41,103057.56,104008.09
2025-11-05 20:00:00,104008.09,104534.74,103305.05,103885.16
2025-11-06 00:00:00,103885.16,103933.33,102716.26,103636.03
2025-11-06 04:00:00,103636.92,104200.0,102910.66,103185.48
2025-11-06 08:00:00,103184.75,103440.0,102651.63,103227.58
2025-11-06 12:00:00,103227.59,103626.46,101630.0,102014.48
2025-11-06 16:00:00,102014.49,102393.51,100300.95,101388.81
2025-11-06 20:00:00,101388.82,101643.28,100541.17,101346.04
2025-11-07 00:00:00,101346.04,102500.0,100749.94,101916.29
2025-11-07 04:00:00,101916.3,102527.0,101582.92,102010.0
2025-11-07 08:00:00,102009.99,102050.0,99803.58,100411.89
2025-11-07 12:00:00,100411.89,101253.99,99260.86,100797.95
2025-11-07 16:00:00,100797.95,103395.25,100517.06,103395.25
2025-11-07 20:00:00,103395.92,104096.36,102958.0,103339.08
2025-11-08 00:00:00,103339.09,103406.22,102539.49,102592.76
2025-11-08 04:00:00,102592.76,102836.0,101902.64,102352.96
2025-11-08 08:00:00,102352.96,102687.72,101715.76,101857.1
2025-11-08 12:00:00,101857.1,102186.99,101454.0,101711.45
2025-11-08 16:00:00,101711.46,102219.39,101522.08,101989.65
2025-11-08 20:00:00,101989.65,102482.2,101957.94,102312.94
2025-11-09 00:00:00,102312.95,102337.89,101400.0,101662.05
2025-11-09 04:00:00,101662.05,102130.61,101635.96,101944.59
2025-11-09 08:00:00,101944.6,102307.68,101500.0,102239.41
2025-11-09 12:00:00,102239.41,104168.0,102050.64,103762.17
2025-11-09 16:00:00,103762.18,104805.57,103316.23,104805.57
2025-11-09 20:00:00,104805.57,105495.62,104058.59,104722.96
2025-11-10 00:00:00,104722.95,106670.11,104265.02,106027.97
2025-11-10 04:00:00,106027.97,106539.4,105846.26,106461.45
2025-11-10 08:00:00,106461.46,106599.47,105836.0,106176.5
2025-11-10 12:00:00,106176.5,106589.89,104667.0,105079.99
2025-11-10 16:00:00,105079.99,106094.31,104784.36,105817.99
2025-11-10 20:00:00,105818.0,106299.22,105280.0,106011.13
2025-11-11 00:00:00,106011.13,107500.0,105500.0,106456.0
2025-11-11 04:00:00,106456.0,106546.0,104741.2,104783.98
2025-11-11 08:00:00,104783.99,105497.99,104762.23,105311.9
2025-11-11 12:00:00,105311.9,105500.0,103170.33,103455.99
2025-11-11 16:00:00,103455.99,103730.0,102840.22,103126.39
2025-11-11 20:00:00,103126.39,103224.29,102476.09,103058.99
2025-11-12 00:00:00,103059.0,103440.96,102687.72,103310.0
2025-11-12 04:00:00,103310.0,103654.38,103011.0,103112.66
2025-11-12 08:00:00,103112.65,105200.0,103112.24,105020.83
2025-11-12 12:00:00,105020.82,105333.33,101961.97,102173.51
2025-11-12 16:00:00,102173.51,102285.18,100813.59,101297.31
2025-11-12 20:00:00,101297.31,101999.35,101141.03,101654.37
2025-11-13 00:00:00,101654.37,102604.0,100922.55,102130.21
2025-11-13 04:00:00,102130.21,104085.01,101665.59,103475.66
2025-11-13 08:00:00,103475.66,103811.49,102553.63,102936.5
2025-11-13 12:00:00,102936.49,103483.83,101184.14,101382.64
2025-11-13 16:00:00,101382.63,101540.93,98147.4,98682.14
2025-11-13 20:00:00,98682.13,100501.31,98000.4,99692.02
2025-11-14 00:00:00,99692.03,99866.02,98700.0,99139.38
2025-11-14 04:00:00,99139.38,99178.58,95933.75,97151.98
2025-11-14 08:00:00,97151.97,97553.7,95711.0,96167.44
2025-11-14 12:00:00,96167.45,97322.35,94560.48,96796.14
2025-11-14 16:00:00,96796.14,97411.11,94800.55,95778.29
2025-11-14 20:00:00,95778.3,95940.0,94012.45,94594.0
2025-11-15 00:00:00,94594.0,96846.68,94558.49,96417.12
2025-11-15 04:00:00,96417.12,96570.65,95921.21,96333.86
2025-11-15 08:00:00,96333.87,96350.52,95630.0,95696.87
2025-11-15 12:00:00,95696.86,96471.22,95565.17,96260.0
2025-11-15 16:00:00,96259.99,96419.65,95731.32,96012.01
2025-11-15 20:00:00,96012.01,96012.01,95119.94,95596.24
2025-11-16 00:00:00,95596.23,95979.79,94841.62,95825.02
2025-11-16 04:00:00,95825.02,96192.0,95650.72,96099.99
2025-11-16 08:00:00,96099.98,96635.11,95500.0,95627.13
2025-11-16 12:00:00,95627.13,95900.0,94368.24,94573.46
2025-11-16 16:00:00,94573.46,95567.79,93770.48,94020.0
2025-11-16 20:00:00,94020.49,94739.74,93005.55,94261.44
2025-11-17 00:00:00,94261.45,95559.99,93767.27,95496.77
2025-11-17 04:00:00,95496.77,95880.0,94849.37,95653.77
2025-11-17 08:00:00,95653.78,96026.71,95309.68,95565.38
2025-11-17 12:00:00,95565.38,96043.0,93571.3,93959.67
2025-11-17 16:00:00,93959.68,94419.88,91588.0,91678.93
2025-11-17 20:00:00,91678.93,92399.48,91220.0,92215.14
2025-11-18 00:00:00,92215.14,92357.51,89700.0,90842.72
2025-11-18 04:00:00,90842.72,90851.66,89253.78,90512.1
2025-11-18 08:00:00,90512.1,91617.17,90509.79,91517.82
2025-11-18 12:00:00,91517.83,93049.91,90905.7,92910.1
2025-11-18 16:00:00,92910.1,93836.01,92579.23,93195.61
2025-11-18 20:00:00,93195.61,93423.74,92462.72,92960.83
2025-11-19 00:00:00,92960.83,92980.22,91660.49,91874.52
2025-11-19 04:00:00,91874.51,92028.92,90025.06,91863.64
2025-11-19 08:00:00,91863.64,91950.0,91072.41,91410.22
2025-11-19 12:00:00,91410.23,92384.61,89880.0,89951.7
2025-11-19 16:00:00,89951.7,90232.56,88630.71,88884.56
2025-11-19 20:00:00,88884.56,91594.0,88608.0,91554.96
2025-11-20 00:00:00,91554.96,92798.14,91185.26,92440.32
2025-11-20 04:00:00,92440.33,93160.0,91687.07,92320.18
2025-11-20 08:00:00,92320.18,92400.94,91440.55,91934.0
2025-11-20 12:00:00,91934.01,92541.92,89835.34,89869.88
2025-11-20 16:00:00,89869.88,89911.73,86100.0,86921.28
2025-11-20 20:00:00,86921.27,88250.0,86325.23,86637.23
2025-11-21 00:00:00,86637.22,87498.94,85360.0,85821.34
2025-11-21 04:00:00,85821.35,86459.53,82000.0,84049.39
2025-11-21 08:00:00,84049.38,84709.89,81648.0,82309.66
2025-11-21 12:00:00,82309.67,85496.0,80600.0,82932.47
2025-11-21 16:00:00,82932.46,85572.82,82333.0,84209.3
2025-11-21 20:00:00,84209.3,85416.66,83464.96,85129.43
2025-11-22 00:00:00,85129.42,85620.0,84212.39,84440.47
2025-11-22 04:00:00,84440.48,84799.54,83832.91,84580.06
2025-11-22 08:00:00,84580.06,84586.62,83500.0,84098.94
2025-11-22 12:00:00,84098.94,84755.83,83620.16,84284.01
2025-11-22 16:00:00,84284.01,84899.0,84219.62,84609.76
2025-11-22 20:00:00,84609.77,85260.0,84237.7,84739.74
2025-11-23 00:00:00,84739.75,86349.84,84667.57,86308.54
2025-11-23 04:00:00,86308.54,86860.0,85420.0,85782.19
2025-11-23 08:00:00,85782.18,86465.24,85768.22,86331.28
2025-11-23 12:00:00,86331.28,87244.51,86271.1,87087.44
2025-11-23 16:00:00,87087.44,87689.47,86502.47,87325.01
2025-11-23 20:00:00,87325.01,88127.64,86701.54,86830.0
2025-11-24 00:00:00,86830.0,88059.44,85946.65,87460.02
2025-11-24 04:00:00,87460.03,87837.57,86450.0,87050.39
2025-11-24 08:00:00,87050.39,87050.39,85696.56,86264.72
2025-11-24 12:00:00,86264.71,86741.5,85272.0,86616.44
2025-11-24 16:00:00,86616.44,88834.62,86616.43,88327.29
2025-11-24 20:00:00,88327.29,89228.0,88252.5,88300.01
2025-11-25 00:00:00,88300.01,88300.01,87457.53,87822.12
2025-11-25 04:00:00,87822.12,88519.99,87300.0,87384.81
2025-11-25 08:00:00,87384.81,87606.57,86666.0,87361.71
2025-11-25 12:00:00,87361.71,87792.2,86116.0,86988.94
2025-11-25 16:00:00,86988.93,88155.65,86182.49,86882.85
2025-11-25 20:00:00,86882.84,87889.38,86565.48,87369.96
2025-11-26 00:00:00,87369.97,88224.0,87069.97,87119.92
2025-11-26 04:00:00,87119.93,87970.0,86909.99,87935.05
2025-11-26 08:00:00,87935.05,87941.58,86670.36,87095.79
2025-11-26 12:00:00,87095.78,87693.21,86306.77,86978.0
2025-11-26 16:00:00,86977.99,90418.39,86956.61,89957.36
2025-11-26 20:00:00,89957.37,90656.08,89508.85,90484.02
2025-11-27 00:00:00,90484.01,91950.0,90089.91,91091.68
2025-11-27 04:00:00,91091.68,91554.49,90889.11,91408.34
2025-11-27 08:00:00,91408.34,91940.18,91221.17,91371.88
2025-11-27 12:00:00,91371.87,91457.36,90438.43,90958.3
2025-11-27 16:00:00,90958.29,91843.59,90850.77,91528.21
2025-11-27 20:00:00,91528.22,91600.0,91114.52,91333.95
2025-11-28 00:00:00,91333.94,91417.99,90652.55,91208.85
2025-11-28 04:00:00,91208.85,91707.79,90867.43,90910.87
2025-11-28 08:00:00,90910.87,92030.0,90907.98,91437.64
2025-11-28 12:00:00,91437.64,93092.0,91380.94,92362.49
2025-11-28 16:00:00,92362.5,92376.0,90180.63,91157.44
2025-11-28 20:00:00,91157.44,91247.16,90705.57,90890.7
2025-11-29 00:00:00,90890.71,91119.99,90546.36,90680.26
2025-11-29 04:00:00,90680.26,90931.56,90311.92,90567.67
2025-11-29 08:00:00,90567.66,90738.17,90376.37,90673.19
2025-11-29 12:00:00,90673.2,91110.36,90530.93,91063.5
2025-11-29 16:00:00,91063.5,91165.65,90155.47,90640.78
2025-11-29 20:00:00,90640.77,91051.87,90400.21,90802.44
2025-11-30 00:00:00,90802.44,91055.5,90471.0,90909.35
2025-11-30 04:00:00,90909.35,91037.72,90670.4,90968.16
2025-11-30 08:00:00,90968.16,91632.0,90927.16,91048.78
2025-11-30 12:00:00,91048.79,92000.01,91009.0,91435.31
2025-11-30 16:00:00,91435.31,91850.0,91159.42,91460.79
2025-11-30 20:00:00,91460.79,91626.75,90336.9,90360.0
2025-12-01 00:00:00,90360.01,90417.0,86161.61,86346.13
2025-12-01 04:00:00,86346.13,86578.06,85604.0,86550.3
2025-12-01 08:00:00,86550.3,86938.01,86131.01,86149.15
2025-12-01 12:00:00,86146.59,86674.0,83822.76,84677.87
2025-12-01 16:00:00,84677.87,85555.0,84030.95,85024.5
2025-12-01 20:00:00,85024.5,86860.0,85007.69,86286.01
2025-12-02 00:00:00,86286.01,87350.0,86184.39,86976.99
2025-12-02 04:00:00,86977.0,87288.48,86818.14,87012.65
2025-12-02 08:00:00,87012.64,87628.78,86296.21,87368.92
2025-12-02 12:00:00,87368.92,91200.0,87032.75,90850.01
2025-12-02 16:00:00,90850.01,92307.65,90201.0,91903.39
2025-12-02 20:00:00,91903.38,92000.0,90720.87,91277.88
2025-12-03 00:00:00,91277.88,93087.09,90990.23,92628.91
2025-12-03 04:00:00,92628.91,93958.58,92625.0,92999.99
2025-12-03 08:00:00,93000.0,93389.62,92666.0,93005.68
2025-12-03 12:00:00,93005.68,93700.0,91697.0,92373.3
2025-12-03 16:00:00,92373.3,93500.0,91786.99,93024.99
2025-12-03 20:00:00,93025.0,94150.0,92825.56,93429.95
2025-12-04 00:00:00,93429.95,94080.0,92669.82,93543.04
2025-12-04 04:00:00,93543.03,93588.48,92775.0,93397.67
2025-12-04 08:00:00,93397.67,93621.31,92736.9,92948.31
2025-12-04 12:00:00,92948.32,93257.0,91801.0,92971.49
2025-12-04 16:00:00,92971.49,93174.55,90889.0,91975.44
2025-12-04 20:00:00,91975.43,92718.53,91688.92,92078.06
2025-12-05 00:00:00,92078.06,92692.36,91959.92,92142.75
2025-12-05 04:00:00,92142.75,92497.51,91813.37,92258.65
2025-12-05 08:00:00,92258.64,92258.65,90956.25,91351.43
2025-12-05 12:00:00,91351.44,91478.67,89874.7,90459.35
2025-12-05 16:00:00,90459.34,90498.59,88056.0,89629.26
2025-12-05 20:00:00,89629.27,89745.37,88901.6,89330.04
2025-12-06 00:00:00,89330.04,89806.43,89030.67,89688.35
2025-12-06 04:00:00,89688.35,89764.19,89459.19,89597.13
2025-12-06 08:00:00,89597.14,89750.01,89217.59,89631.28
2025-12-06 12:00:00,89631.29,90289.97,89490.98,89758.77
2025-12-06 16:00:00,89758.77,89981.2,89077.6,89405.64
2025-12-06 20:00:00,89405.65,89615.34,88908.01,89236.79
2025-12-07 00:00:00,89236.8,89749.59,89176.52,89722.37
2025-12-07 04:00:00,89722.37,89799.96,89200.0,89379.72
2025-12-07 08:00:00,89379.73,89538.7,89050.01,89149.18
2025-12-07 12:00:00,89149.18,89707.54,87719.28,89554.52
